{
  "agent": "QAC",
  "seed": 10097,
  "env_kwargs": {
    "n_antennas": 4,
    "pilot_snr_db": 5.0,
    "noise_uncertainty_db": 0.0
  },
  "episodes": 1000,
  "steps_per_episode": 20,
  "timestamp_start": 1757583417.9149504,
  "duration_sec": 64.70117664337158,
  "timestamp_end": 1757583482.616129
}