{
  "agent": "QAC",
  "seed": 10291,
  "env_kwargs": {
    "n_antennas": 4,
    "pilot_snr_db": 10.0,
    "noise_uncertainty_db": 0.0
  },
  "episodes": 200,
  "steps_per_episode": 20,
  "timestamp_start": 1757094469.2559092,
  "duration_sec": 35.27868127822876,
  "timestamp_end": 1757094504.5345914
}