{
  "agent": "QAC",
  "seed": 10194,
  "env_kwargs": {
    "n_antennas": 4,
    "pilot_snr_db": 10.0,
    "noise_uncertainty_db": 0.0
  },
  "episodes": 200,
  "steps_per_episode": 20,
  "timestamp_start": 1757094434.1646476,
  "duration_sec": 35.08641600608826,
  "timestamp_end": 1757094469.2510662
}