{
  "agent": "QAC",
  "seed": 10000,
  "env_kwargs": {
    "n_antennas": 4,
    "pilot_snr_db": 10.0,
    "noise_uncertainty_db": 5.0
  },
  "episodes": 200,
  "steps_per_episode": 20,
  "timestamp_start": 1757109251.4983923,
  "duration_sec": 35.49552297592163,
  "timestamp_end": 1757109286.993917
}