{
  "agent": "QAC",
  "seed": 10291,
  "env_kwargs": {
    "n_antennas": 4,
    "pilot_snr_db": 10.0,
    "noise_uncertainty_db": 5.0
  },
  "episodes": 200,
  "steps_per_episode": 20,
  "timestamp_start": 1757109358.8200564,
  "duration_sec": 35.21708941459656,
  "timestamp_end": 1757109394.037147
}