{
  "agent": "TRPO",
  "seed": 10776,
  "env_kwargs": {
    "n_antennas": 4,
    "pilot_snr_db": 10.0,
    "noise_uncertainty_db": 5.0
  },
  "episodes": 500,
  "steps_per_episode": 20,
  "timestamp_start": 1757192148.4737456,
  "sb3_total_timesteps": 500000,
  "sb3_factor": 50,
  "duration_sec": 770.9211449623108,
  "timestamp_end": 1757192919.3948915
}