{
  "agent": "TRPO",
  "seed": 10194,
  "env_kwargs": {
    "n_antennas": 4,
    "pilot_snr_db": 10.0,
    "noise_uncertainty_db": 5.0
  },
  "episodes": 500,
  "steps_per_episode": 20,
  "timestamp_start": 1757187572.9339042,
  "sb3_total_timesteps": 500000,
  "sb3_factor": 50,
  "duration_sec": 762.2112276554108,
  "timestamp_end": 1757188335.1451335
}