{
  "agent": "TRPO",
  "seed": 10485,
  "env_kwargs": {
    "n_antennas": 4,
    "pilot_snr_db": 10.0,
    "noise_uncertainty_db": 5.0
  },
  "episodes": 500,
  "steps_per_episode": 20,
  "timestamp_start": 1757189858.2731292,
  "sb3_total_timesteps": 500000,
  "sb3_factor": 50,
  "duration_sec": 762.4705271720886,
  "timestamp_end": 1757190620.743657
}