{
  "agent": "QAC",
  "seed": 11164,
  "env_kwargs": {
    "n_antennas": 4,
    "pilot_snr_db": 10.0,
    "noise_uncertainty_db": 5.0
  },
  "episodes": 500,
  "steps_per_episode": 20,
  "timestamp_start": 1757155040.94375,
  "duration_sec": 91.8861289024353,
  "timestamp_end": 1757155132.8298798
}