{
  "agent": "QAC",
  "seed": 10776,
  "env_kwargs": {
    "n_antennas": 4,
    "pilot_snr_db": 10.0,
    "noise_uncertainty_db": 5.0
  },
  "episodes": 500,
  "steps_per_episode": 20,
  "timestamp_start": 1757154673.2756875,
  "duration_sec": 92.46831488609314,
  "timestamp_end": 1757154765.7440035
}