{
  "agent": "QAC",
  "seed": 10582,
  "env_kwargs": {
    "n_antennas": 4,
    "pilot_snr_db": 10.0,
    "noise_uncertainty_db": 5.0
  },
  "episodes": 500,
  "steps_per_episode": 20,
  "timestamp_start": 1757154489.731926,
  "duration_sec": 92.27821660041809,
  "timestamp_end": 1757154582.0101438
}