{
  "agent": "QAC",
  "seed": 11261,
  "env_kwargs": {
    "n_antennas": 4,
    "pilot_snr_db": 10.0,
    "noise_uncertainty_db": 5.0
  },
  "episodes": 500,
  "steps_per_episode": 20,
  "timestamp_start": 1757155132.835346,
  "duration_sec": 91.99129676818848,
  "timestamp_end": 1757155224.8266437
}