{
  "agent": "QAC",
  "seed": 10097,
  "env_kwargs": {
    "n_antennas": 4,
    "pilot_snr_db": 10.0,
    "noise_uncertainty_db": 5.0
  },
  "episodes": 500,
  "steps_per_episode": 20,
  "timestamp_start": 1757154031.8954957,
  "duration_sec": 91.60878539085388,
  "timestamp_end": 1757154123.5042827
}