{
  "agent": "QAC",
  "seed": 10388,
  "env_kwargs": {
    "n_antennas": 4,
    "pilot_snr_db": 10.0,
    "noise_uncertainty_db": 5.0
  },
  "episodes": 500,
  "steps_per_episode": 20,
  "timestamp_start": 1757154306.7344506,
  "duration_sec": 91.27656030654907,
  "timestamp_end": 1757154398.0110123
}