{
  "agent": "QAC",
  "seed": 11067,
  "env_kwargs": {
    "n_antennas": 4,
    "pilot_snr_db": 10.0,
    "noise_uncertainty_db": 5.0
  },
  "episodes": 500,
  "steps_per_episode": 20,
  "timestamp_start": 1757154949.1161947,
  "duration_sec": 91.82143568992615,
  "timestamp_end": 1757155040.9376318
}