{
  "agent": "QAC",
  "seed": 10970,
  "env_kwargs": {
    "n_antennas": 4,
    "pilot_snr_db": 10.0,
    "noise_uncertainty_db": 5.0
  },
  "episodes": 500,
  "steps_per_episode": 20,
  "timestamp_start": 1757154857.0414197,
  "duration_sec": 92.06954169273376,
  "timestamp_end": 1757154949.1109626
}