{
  "agent": "QAC",
  "seed": 10873,
  "env_kwargs": {
    "n_antennas": 4,
    "pilot_snr_db": 10.0,
    "noise_uncertainty_db": 5.0
  },
  "episodes": 500,
  "steps_per_episode": 20,
  "timestamp_start": 1757154765.7539523,
  "duration_sec": 91.28021597862244,
  "timestamp_end": 1757154857.0341697
}