{
  "agent": "QAC",
  "seed": 10194,
  "env_kwargs": {
    "n_antennas": 4,
    "pilot_snr_db": 10.0,
    "noise_uncertainty_db": 5.0
  },
  "episodes": 500,
  "steps_per_episode": 20,
  "timestamp_start": 1757154123.5134108,
  "duration_sec": 91.61833763122559,
  "timestamp_end": 1757154215.13175
}