{
  "agent": "QAC",
  "seed": 10291,
  "env_kwargs": {
    "n_antennas": 8,
    "pilot_snr_db": 10.0,
    "noise_uncertainty_db": 0.0
  },
  "episodes": 200,
  "steps_per_episode": 20,
  "timestamp_start": 1757099412.5108664,
  "duration_sec": 36.20307016372681,
  "timestamp_end": 1757099448.7139382
}