{
  "agent": "QAC",
  "seed": 10000,
  "env_kwargs": {
    "n_antennas": 8,
    "pilot_snr_db": 10.0,
    "noise_uncertainty_db": 0.0
  },
  "episodes": 200,
  "steps_per_episode": 20,
  "timestamp_start": 1757099305.0430212,
  "duration_sec": 36.136698961257935,
  "timestamp_end": 1757099341.1797218
}