{
  "agent": "QAC",
  "seed": 10388,
  "env_kwargs": {
    "n_antennas": 8,
    "pilot_snr_db": 10.0,
    "noise_uncertainty_db": 0.0
  },
  "episodes": 200,
  "steps_per_episode": 20,
  "timestamp_start": 1757099448.7187638,
  "duration_sec": 37.10518431663513,
  "timestamp_end": 1757099485.8239493
}