{
  "agent": "QAC",
  "seed": 10097,
  "env_kwargs": {
    "n_antennas": 8,
    "pilot_snr_db": 10.0,
    "noise_uncertainty_db": 0.0
  },
  "episodes": 200,
  "steps_per_episode": 20,
  "timestamp_start": 1757099341.1845155,
  "duration_sec": 35.611082553863525,
  "timestamp_end": 1757099376.7955992
}