{
  "agent": "TRPO",
  "seed": 10000,
  "env_kwargs": {
    "n_antennas": 8,
    "pilot_snr_db": 10.0,
    "noise_uncertainty_db": 0.0
  },
  "episodes": 1000,
  "steps_per_episode": 20,
  "timestamp_start": 1757611453.6520362,
  "sb3_total_timesteps": 1000000,
  "sb3_factor": 50,
  "duration_sec": 2015.2669324874878,
  "timestamp_end": 1757613468.918973
}