{
  "agent": "NPG",
  "seed": 10000,
  "env_kwargs": {
    "n_antennas": 8,
    "pilot_snr_db": 10.0,
    "noise_uncertainty_db": 0.0
  },
  "episodes": 200,
  "steps_per_episode": 20,
  "timestamp_start": 1757098707.8806355,
  "xi": 0.5,
  "duration_sec": 119.33540487289429,
  "timestamp_end": 1757098827.216042
}