{
  "agent": "NPG",
  "seed": 10097,
  "env_kwargs": {
    "n_antennas": 8,
    "pilot_snr_db": 10.0,
    "noise_uncertainty_db": 0.0
  },
  "episodes": 200,
  "steps_per_episode": 20,
  "timestamp_start": 1757098827.2198005,
  "xi": 0.5,
  "duration_sec": 118.37892365455627,
  "timestamp_end": 1757098945.5987253
}