{
  "agent": "NPG",
  "seed": 10194,
  "env_kwargs": {
    "n_antennas": 8,
    "pilot_snr_db": 10.0,
    "noise_uncertainty_db": 0.0
  },
  "episodes": 200,
  "steps_per_episode": 20,
  "timestamp_start": 1757098945.6032171,
  "xi": 0.5,
  "duration_sec": 123.62400507926941,
  "timestamp_end": 1757099069.2272236
}