{
  "agent": "NPG",
  "seed": 10097,
  "env_kwargs": {
    "n_antennas": 8,
    "pilot_snr_db": 10.0,
    "noise_uncertainty_db": 0.0
  },
  "episodes": 1000,
  "steps_per_episode": 20,
  "timestamp_start": 1757597267.9920514,
  "xi": 0.5,
  "duration_sec": 576.3130452632904,
  "timestamp_end": 1757597844.305099
}