{
  "agent": "TRPO",
  "seed": 10291,
  "env_kwargs": {
    "n_antennas": 4,
    "pilot_snr_db": 10.0,
    "noise_uncertainty_db": 5.0
  },
  "episodes": 200,
  "steps_per_episode": 20,
  "timestamp_start": 1757112417.875798,
  "sb3_total_timesteps": 200000,
  "sb3_factor": 50,
  "duration_sec": 301.4707820415497,
  "timestamp_end": 1757112719.3465807
}