{
  "agent": "TRPO",
  "seed": 10000,
  "env_kwargs": {
    "n_antennas": 4,
    "pilot_snr_db": 10.0,
    "noise_uncertainty_db": 5.0
  },
  "episodes": 200,
  "steps_per_episode": 20,
  "timestamp_start": 1757111509.763007,
  "sb3_total_timesteps": 200000,
  "sb3_factor": 50,
  "duration_sec": 302.6785304546356,
  "timestamp_end": 1757111812.4415379
}