{
  "agent": "TRPO",
  "seed": 10388,
  "env_kwargs": {
    "n_antennas": 4,
    "pilot_snr_db": 10.0,
    "noise_uncertainty_db": 5.0
  },
  "episodes": 200,
  "steps_per_episode": 20,
  "timestamp_start": 1757112719.3502002,
  "sb3_total_timesteps": 200000,
  "sb3_factor": 50,
  "duration_sec": 303.6806697845459,
  "timestamp_end": 1757113023.0308704
}