{
  "agent": "NPG",
  "seed": 10291,
  "env_kwargs": {
    "n_antennas": 4,
    "pilot_snr_db": 10.0,
    "noise_uncertainty_db": 5.0
  },
  "episodes": 200,
  "steps_per_episode": 20,
  "timestamp_start": 1757109016.9910216,
  "xi": 0.5,
  "duration_sec": 117.01899766921997,
  "timestamp_end": 1757109134.0100217
}