{
  "agent": "NPG",
  "seed": 10873,
  "env_kwargs": {
    "n_antennas": 4,
    "pilot_snr_db": 10.0,
    "noise_uncertainty_db": 5.0
  },
  "episodes": 500,
  "steps_per_episode": 20,
  "timestamp_start": 1757175108.370185,
  "xi": 0.5,
  "duration_sec": 295.2777497768402,
  "timestamp_end": 1757175403.6479356
}