{
  "agent": "NPG",
  "seed": 10291,
  "env_kwargs": {
    "n_antennas": 4,
    "pilot_snr_db": 10.0,
    "noise_uncertainty_db": 5.0
  },
  "episodes": 500,
  "steps_per_episode": 20,
  "timestamp_start": 1757173311.2138665,
  "xi": 0.5,
  "duration_sec": 297.32411336898804,
  "timestamp_end": 1757173608.5379813
}