{
  "agent": "NPG",
  "seed": 10485,
  "env_kwargs": {
    "n_antennas": 4,
    "pilot_snr_db": 10.0,
    "noise_uncertainty_db": 5.0
  },
  "episodes": 500,
  "steps_per_episode": 20,
  "timestamp_start": 1757173905.1297512,
  "xi": 0.5,
  "duration_sec": 303.8906099796295,
  "timestamp_end": 1757174209.0203624
}