{
  "agent": "NPG",
  "seed": 10194,
  "env_kwargs": {
    "n_antennas": 4,
    "pilot_snr_db": 10.0,
    "noise_uncertainty_db": 5.0
  },
  "episodes": 500,
  "steps_per_episode": 20,
  "timestamp_start": 1757171799.8920362,
  "xi": 0.5,
  "duration_sec": 1511.3120470046997,
  "timestamp_end": 1757173311.2040856
}