{
  "agent": "NPG",
  "seed": 10000,
  "env_kwargs": {
    "n_antennas": 4,
    "pilot_snr_db": 10.0,
    "noise_uncertainty_db": 5.0
  },
  "episodes": 500,
  "steps_per_episode": 20,
  "timestamp_start": 1757171196.483527,
  "xi": 0.5,
  "duration_sec": 293.2509903907776,
  "timestamp_end": 1757171489.7345188
}