{
  "agent": "NPG",
  "seed": 10776,
  "env_kwargs": {
    "n_antennas": 4,
    "pilot_snr_db": 10.0,
    "noise_uncertainty_db": 5.0
  },
  "episodes": 500,
  "steps_per_episode": 20,
  "timestamp_start": 1757174796.7346282,
  "xi": 0.5,
  "duration_sec": 311.5214581489563,
  "timestamp_end": 1757175108.2560878
}