{
  "agent": "NPG",
  "seed": 10388,
  "env_kwargs": {
    "n_antennas": 4,
    "pilot_snr_db": 10.0,
    "noise_uncertainty_db": 5.0
  },
  "episodes": 500,
  "steps_per_episode": 20,
  "timestamp_start": 1757173608.5442734,
  "xi": 0.5,
  "duration_sec": 296.5769639015198,
  "timestamp_end": 1757173905.1212387
}