{
  "agent": "PPO",
  "seed": 10485,
  "env_kwargs": {
    "n_antennas": 8,
    "pilot_snr_db": 10.0,
    "noise_uncertainty_db": 5.0
  },
  "episodes": 500,
  "steps_per_episode": 20,
  "timestamp_start": 1757206425.5757418,
  "sb3_total_timesteps": 500000,
  "sb3_factor": 50,
  "duration_sec": 1013.3180906772614,
  "timestamp_end": 1757207438.8938332
}