{
  "agent": "PPO",
  "seed": 10291,
  "env_kwargs": {
    "n_antennas": 8,
    "pilot_snr_db": 10.0,
    "noise_uncertainty_db": 5.0
  },
  "episodes": 500,
  "steps_per_episode": 20,
  "timestamp_start": 1757204396.435038,
  "sb3_total_timesteps": 500000,
  "sb3_factor": 50,
  "duration_sec": 1013.670930147171,
  "timestamp_end": 1757205410.105969
}