{
  "agent": "PPO",
  "seed": 10873,
  "env_kwargs": {
    "n_antennas": 8,
    "pilot_snr_db": 10.0,
    "noise_uncertainty_db": 5.0
  },
  "episodes": 500,
  "steps_per_episode": 20,
  "timestamp_start": 1757239569.0979898,
  "sb3_total_timesteps": 500000,
  "sb3_factor": 50,
  "duration_sec": 1010.3474009037018,
  "timestamp_end": 1757240579.4453917
}