{
  "agent": "QAC",
  "seed": 10000,
  "env_kwargs": {
    "n_antennas": 4,
    "pilot_snr_db": 5.0,
    "noise_uncertainty_db": 0.0
  },
  "episodes": 200,
  "steps_per_episode": 20,
  "timestamp_start": 1757104266.0771203,
  "duration_sec": 36.16950082778931,
  "timestamp_end": 1757104302.2466228
}