{
  "agent": "QAC",
  "seed": 10291,
  "env_kwargs": {
    "n_antennas": 4,
    "pilot_snr_db": 5.0,
    "noise_uncertainty_db": 0.0
  },
  "episodes": 200,
  "steps_per_episode": 20,
  "timestamp_start": 1757104374.955459,
  "duration_sec": 36.45805048942566,
  "timestamp_end": 1757104411.4135108
}