{
  "agent": "QAC",
  "seed": 10097,
  "env_kwargs": {
    "n_antennas": 4,
    "pilot_snr_db": 5.0,
    "noise_uncertainty_db": 0.0
  },
  "episodes": 200,
  "steps_per_episode": 20,
  "timestamp_start": 1757104302.250639,
  "duration_sec": 36.20995807647705,
  "timestamp_end": 1757104338.4605982
}