{
  "agent": "NPG",
  "seed": 10194,
  "env_kwargs": {
    "n_antennas": 4,
    "pilot_snr_db": 5.0,
    "noise_uncertainty_db": 0.0
  },
  "episodes": 200,
  "steps_per_episode": 20,
  "timestamp_start": 1757103906.2082658,
  "xi": 0.5,
  "duration_sec": 120.11916828155518,
  "timestamp_end": 1757104026.327436
}