{
  "agent": "NPG",
  "seed": 10291,
  "env_kwargs": {
    "n_antennas": 4,
    "pilot_snr_db": 5.0,
    "noise_uncertainty_db": 0.0
  },
  "episodes": 200,
  "steps_per_episode": 20,
  "timestamp_start": 1757104026.3326595,
  "xi": 0.5,
  "duration_sec": 117.8055067062378,
  "timestamp_end": 1757104144.1381676
}