{
  "agent": "NPG",
  "seed": 10000,
  "env_kwargs": {
    "n_antennas": 4,
    "pilot_snr_db": 5.0,
    "noise_uncertainty_db": 0.0
  },
  "episodes": 200,
  "steps_per_episode": 20,
  "timestamp_start": 1757103662.92012,
  "xi": 0.5,
  "duration_sec": 120.45496845245361,
  "timestamp_end": 1757103783.37509
}