{
  "agent": "NPG",
  "seed": 10097,
  "env_kwargs": {
    "n_antennas": 4,
    "pilot_snr_db": 5.0,
    "noise_uncertainty_db": 0.0
  },
  "episodes": 200,
  "steps_per_episode": 20,
  "timestamp_start": 1757103783.380919,
  "xi": 0.5,
  "duration_sec": 122.82315468788147,
  "timestamp_end": 1757103906.2040753
}