{
  "agent": "QAC",
  "seed": 10000,
  "env_kwargs": {
    "n_antennas": 4,
    "pilot_snr_db": 5.0,
    "noise_uncertainty_db": 0.0
  },
  "episodes": 5000,
  "steps_per_episode": 20,
  "timestamp_start": 1757619942.5058267,
  "duration_sec": 268.08439350128174,
  "timestamp_end": 1757620210.590223
}