{
  "agent": "QAC",
  "seed": 10097,
  "env_kwargs": {
    "n_antennas": 4,
    "pilot_snr_db": 5.0,
    "noise_uncertainty_db": 0.0
  },
  "episodes": 5000,
  "steps_per_episode": 20,
  "timestamp_start": 1757620210.6558297,
  "duration_sec": 266.7866151332855,
  "timestamp_end": 1757620477.4424484
}