{
  "agent": "PPO",
  "seed": 10097,
  "env_kwargs": {
    "n_antennas": 8,
    "pilot_snr_db": 10.0,
    "noise_uncertainty_db": 5.0
  },
  "episodes": 200,
  "steps_per_episode": 20,
  "timestamp_start": 1757114780.4590757,
  "sb3_total_timesteps": 200000,
  "sb3_factor": 50,
  "duration_sec": 416.75498151779175,
  "timestamp_end": 1757115197.2140577
}