{
  "agent": "PPO",
  "seed": 10000,
  "env_kwargs": {
    "n_antennas": 8,
    "pilot_snr_db": 10.0,
    "noise_uncertainty_db": 5.0
  },
  "episodes": 200,
  "steps_per_episode": 20,
  "timestamp_start": 1757114366.3282225,
  "sb3_total_timesteps": 200000,
  "sb3_factor": 50,
  "duration_sec": 414.1269018650055,
  "timestamp_end": 1757114780.455125
}