{
  "agent": "TRPO",
  "seed": 10000,
  "env_kwargs": {
    "n_antennas": 8,
    "pilot_snr_db": 10.0,
    "noise_uncertainty_db": 0.0
  },
  "episodes": 200,
  "steps_per_episode": 20,
  "timestamp_start": 1757101567.5146465,
  "sb3_total_timesteps": 200000,
  "sb3_factor": 50,
  "duration_sec": 298.0028738975525,
  "timestamp_end": 1757101865.517521
}