{
  "agent": "QAC",
  "seed": 10291,
  "env_kwargs": {
    "n_antennas": 8,
    "pilot_snr_db": 10.0,
    "noise_uncertainty_db": 5.0
  },
  "episodes": 200,
  "steps_per_episode": 20,
  "timestamp_start": 1757114296.0850701,
  "duration_sec": 35.114502906799316,
  "timestamp_end": 1757114331.1995745
}