{
  "agent": "QAC",
  "seed": 10097,
  "env_kwargs": {
    "n_antennas": 8,
    "pilot_snr_db": 10.0,
    "noise_uncertainty_db": 5.0
  },
  "episodes": 200,
  "steps_per_episode": 20,
  "timestamp_start": 1757114225.2572095,
  "duration_sec": 35.21284627914429,
  "timestamp_end": 1757114260.4700572
}