{
  "agent": "QAC",
  "seed": 10000,
  "env_kwargs": {
    "n_antennas": 8,
    "pilot_snr_db": 10.0,
    "noise_uncertainty_db": 5.0
  },
  "episodes": 200,
  "steps_per_episode": 20,
  "timestamp_start": 1757114190.3001847,
  "duration_sec": 34.95282340049744,
  "timestamp_end": 1757114225.2530096
}