{
  "agent": "TRPO",
  "seed": 10097,
  "env_kwargs": {
    "n_antennas": 8,
    "pilot_snr_db": 10.0,
    "noise_uncertainty_db": 5.0
  },
  "episodes": 500,
  "steps_per_episode": 20,
  "timestamp_start": 1757241334.1724024,
  "sb3_total_timesteps": 500000,
  "sb3_factor": 50,
  "duration_sec": 747.2272398471832,
  "timestamp_end": 1757242081.399643
}