{
  "agent": "TRPO",
  "seed": 10873,
  "env_kwargs": {
    "n_antennas": 8,
    "pilot_snr_db": 10.0,
    "noise_uncertainty_db": 5.0
  },
  "episodes": 500,
  "steps_per_episode": 20,
  "timestamp_start": 1757247552.4176495,
  "sb3_total_timesteps": 500000,
  "sb3_factor": 50,
  "duration_sec": 754.5755431652069,
  "timestamp_end": 1757248306.9931934
}