{
  "agent": "TRPO",
  "seed": 10485,
  "env_kwargs": {
    "n_antennas": 8,
    "pilot_snr_db": 10.0,
    "noise_uncertainty_db": 5.0
  },
  "episodes": 500,
  "steps_per_episode": 20,
  "timestamp_start": 1757244511.4057713,
  "sb3_total_timesteps": 500000,
  "sb3_factor": 50,
  "duration_sec": 778.2463054656982,
  "timestamp_end": 1757245289.652078
}