{
  "agent": "TRPO",
  "seed": 10000,
  "env_kwargs": {
    "n_antennas": 8,
    "pilot_snr_db": 10.0,
    "noise_uncertainty_db": 5.0
  },
  "episodes": 500,
  "steps_per_episode": 20,
  "timestamp_start": 1757240579.450603,
  "sb3_total_timesteps": 500000,
  "sb3_factor": 50,
  "duration_sec": 754.7163655757904,
  "timestamp_end": 1757241334.1669693
}