{
  "agent": "PPO",
  "seed": 10000,
  "env_kwargs": {
    "n_antennas": 4,
    "pilot_snr_db": 10.0,
    "noise_uncertainty_db": 5.0
  },
  "episodes": 1000,
  "steps_per_episode": 20,
  "timestamp_start": 1757540845.233842,
  "sb3_total_timesteps": 1000000,
  "sb3_factor": 50,
  "duration_sec": 2255.3970654010773,
  "timestamp_end": 1757543100.6309083
}