{
  "agent": "NPG",
  "seed": 10873,
  "env_kwargs": {
    "n_antennas": 8,
    "pilot_snr_db": 10.0,
    "noise_uncertainty_db": 5.0
  },
  "episodes": 500,
  "steps_per_episode": 20,
  "timestamp_start": 1757200739.0799773,
  "xi": 0.5,
  "duration_sec": 318.5486557483673,
  "timestamp_end": 1757201057.6286342
}