{
  "agent": "NPG",
  "seed": 10097,
  "env_kwargs": {
    "n_antennas": 8,
    "pilot_snr_db": 10.0,
    "noise_uncertainty_db": 5.0
  },
  "episodes": 500,
  "steps_per_episode": 20,
  "timestamp_start": 1757198242.1967826,
  "xi": 0.5,
  "duration_sec": 321.9924771785736,
  "timestamp_end": 1757198564.1892617
}