{
  "agent": "NPG",
  "seed": 10194,
  "env_kwargs": {
    "n_antennas": 8,
    "pilot_snr_db": 10.0,
    "noise_uncertainty_db": 5.0
  },
  "episodes": 500,
  "steps_per_episode": 20,
  "timestamp_start": 1757198564.196953,
  "xi": 0.5,
  "duration_sec": 326.4120147228241,
  "timestamp_end": 1757198890.6089692
}