{
  "agent": "NPG",
  "seed": 10000,
  "env_kwargs": {
    "n_antennas": 8,
    "pilot_snr_db": 10.0,
    "noise_uncertainty_db": 5.0
  },
  "episodes": 500,
  "steps_per_episode": 20,
  "timestamp_start": 1757197917.0793786,
  "xi": 0.5,
  "duration_sec": 325.11086320877075,
  "timestamp_end": 1757198242.1902428
}