{
  "agent": "NPG",
  "seed": 10582,
  "env_kwargs": {
    "n_antennas": 8,
    "pilot_snr_db": 10.0,
    "noise_uncertainty_db": 5.0
  },
  "episodes": 500,
  "steps_per_episode": 20,
  "timestamp_start": 1757199800.9770308,
  "xi": 0.5,
  "duration_sec": 311.94964051246643,
  "timestamp_end": 1757200112.926673
}