{
  "agent": "QAC",
  "seed": 10485,
  "env_kwargs": {
    "n_antennas": 8,
    "pilot_snr_db": 10.0,
    "noise_uncertainty_db": 5.0
  },
  "episodes": 500,
  "steps_per_episode": 20,
  "timestamp_start": 1757201191.3342092,
  "duration_sec": 26.391856908798218,
  "timestamp_end": 1757201217.7260678
}