{
  "agent": "QAC",
  "seed": 10873,
  "env_kwargs": {
    "n_antennas": 8,
    "pilot_snr_db": 10.0,
    "noise_uncertainty_db": 5.0
  },
  "episodes": 500,
  "steps_per_episode": 20,
  "timestamp_start": 1757201297.6520367,
  "duration_sec": 26.3917977809906,
  "timestamp_end": 1757201324.0438364
}