{
  "agent": "QAC",
  "seed": 10388,
  "env_kwargs": {
    "n_antennas": 8,
    "pilot_snr_db": 10.0,
    "noise_uncertainty_db": 5.0
  },
  "episodes": 500,
  "steps_per_episode": 20,
  "timestamp_start": 1757201164.6054003,
  "duration_sec": 26.722587823867798,
  "timestamp_end": 1757201191.32799
}