{
  "agent": "QAC",
  "seed": 10097,
  "env_kwargs": {
    "n_antennas": 8,
    "pilot_snr_db": 10.0,
    "noise_uncertainty_db": 5.0
  },
  "episodes": 500,
  "steps_per_episode": 20,
  "timestamp_start": 1757201084.2918744,
  "duration_sec": 27.09639620780945,
  "timestamp_end": 1757201111.3882716
}