{
  "agent": "QAC",
  "seed": 10194,
  "env_kwargs": {
    "n_antennas": 8,
    "pilot_snr_db": 10.0,
    "noise_uncertainty_db": 5.0
  },
  "episodes": 500,
  "steps_per_episode": 20,
  "timestamp_start": 1757201111.3974464,
  "duration_sec": 26.58114004135132,
  "timestamp_end": 1757201137.9785876
}