{
  "agent": "QAC",
  "seed": 10291,
  "env_kwargs": {
    "n_antennas": 8,
    "pilot_snr_db": 10.0,
    "noise_uncertainty_db": 5.0
  },
  "episodes": 500,
  "steps_per_episode": 20,
  "timestamp_start": 1757201137.985542,
  "duration_sec": 26.610732793807983,
  "timestamp_end": 1757201164.5962777
}