{
  "agent": "QAC",
  "seed": 10776,
  "env_kwargs": {
    "n_antennas": 8,
    "pilot_snr_db": 10.0,
    "noise_uncertainty_db": 5.0
  },
  "episodes": 500,
  "steps_per_episode": 20,
  "timestamp_start": 1757201271.0078087,
  "duration_sec": 26.63638734817505,
  "timestamp_end": 1757201297.6441975
}