{
  "agent": "QAC",
  "seed": 10679,
  "env_kwargs": {
    "n_antennas": 8,
    "pilot_snr_db": 10.0,
    "noise_uncertainty_db": 5.0
  },
  "episodes": 500,
  "steps_per_episode": 20,
  "timestamp_start": 1757201244.2752655,
  "duration_sec": 26.726463079452515,
  "timestamp_end": 1757201271.0017304
}