{
  "agent": "QAC",
  "seed": 11067,
  "env_kwargs": {
    "n_antennas": 8,
    "pilot_snr_db": 10.0,
    "noise_uncertainty_db": 5.0
  },
  "episodes": 500,
  "steps_per_episode": 20,
  "timestamp_start": 1757161163.005911,
  "duration_sec": 91.33256959915161,
  "timestamp_end": 1757161254.3384817
}