{
  "agent": "QAC",
  "seed": 11164,
  "env_kwargs": {
    "n_antennas": 8,
    "pilot_snr_db": 10.0,
    "noise_uncertainty_db": 5.0
  },
  "episodes": 500,
  "steps_per_episode": 20,
  "timestamp_start": 1757161254.3457057,
  "duration_sec": 91.69152569770813,
  "timestamp_end": 1757161346.0372326
}