{
  "agent": "QAC",
  "seed": 10485,
  "env_kwargs": {
    "n_antennas": 8,
    "pilot_snr_db": 10.0,
    "noise_uncertainty_db": 5.0
  },
  "episodes": 500,
  "steps_per_episode": 20,
  "timestamp_start": 1757160614.3631504,
  "duration_sec": 91.21802163124084,
  "timestamp_end": 1757160705.581173
}