{
  "agent": "QAC",
  "seed": 10873,
  "env_kwargs": {
    "n_antennas": 8,
    "pilot_snr_db": 10.0,
    "noise_uncertainty_db": 5.0
  },
  "episodes": 500,
  "steps_per_episode": 20,
  "timestamp_start": 1757160980.2862563,
  "duration_sec": 91.51788902282715,
  "timestamp_end": 1757161071.8041465
}