{
  "agent": "QAC",
  "seed": 10097,
  "env_kwargs": {
    "n_antennas": 8,
    "pilot_snr_db": 10.0,
    "noise_uncertainty_db": 5.0
  },
  "episodes": 500,
  "steps_per_episode": 20,
  "timestamp_start": 1757160248.989097,
  "duration_sec": 91.2994863986969,
  "timestamp_end": 1757160340.288585
}