{
  "agent": "QAC",
  "seed": 10388,
  "env_kwargs": {
    "n_antennas": 8,
    "pilot_snr_db": 10.0,
    "noise_uncertainty_db": 5.0
  },
  "episodes": 500,
  "steps_per_episode": 20,
  "timestamp_start": 1757160522.4756696,
  "duration_sec": 91.88069415092468,
  "timestamp_end": 1757160614.356365
}