{
  "agent": "PPO",
  "seed": 10000,
  "env_kwargs": {
    "n_antennas": 8,
    "pilot_snr_db": 10.0,
    "noise_uncertainty_db": 0.0
  },
  "episodes": 1000,
  "steps_per_episode": 20,
  "timestamp_start": 1757597955.8922746,
  "sb3_total_timesteps": 1000000,
  "sb3_factor": 50,
  "duration_sec": 2757.7422311306,
  "timestamp_end": 1757600713.6345108
}