{
  "agent": "PPO",
  "seed": 10097,
  "env_kwargs": {
    "n_antennas": 8,
    "pilot_snr_db": 10.0,
    "noise_uncertainty_db": 0.0
  },
  "episodes": 1000,
  "steps_per_episode": 20,
  "timestamp_start": 1757600713.653982,
  "sb3_total_timesteps": 1000000,
  "sb3_factor": 50,
  "duration_sec": 10739.98005437851,
  "timestamp_end": 1757611453.6340408
}