{
  "agent": "PPO",
  "seed": 10097,
  "env_kwargs": {
    "n_antennas": 4,
    "pilot_snr_db": 5.0,
    "noise_uncertainty_db": 0.0
  },
  "episodes": 1000,
  "steps_per_episode": 20,
  "timestamp_start": 1757586851.5160863,
  "sb3_total_timesteps": 1000000,
  "sb3_factor": 50,
  "duration_sec": 2209.6829183101654,
  "timestamp_end": 1757589061.199018
}