{
  "agent": "PPO",
  "seed": 10291,
  "env_kwargs": {
    "n_antennas": 4,
    "pilot_snr_db": 10.0,
    "noise_uncertainty_db": 0.0
  },
  "episodes": 200,
  "steps_per_episode": 20,
  "timestamp_start": 1757095779.3579817,
  "sb3_total_timesteps": 200000,
  "sb3_factor": 50,
  "duration_sec": 415.0637209415436,
  "timestamp_end": 1757096194.4217033
}