{
  "agent": "PPO",
  "seed": 10097,
  "env_kwargs": {
    "n_antennas": 4,
    "pilot_snr_db": 10.0,
    "noise_uncertainty_db": 0.0
  },
  "episodes": 200,
  "steps_per_episode": 20,
  "timestamp_start": 1757094955.9793084,
  "sb3_total_timesteps": 200000,
  "sb3_factor": 50,
  "duration_sec": 409.3596968650818,
  "timestamp_end": 1757095365.3390057
}