{
  "agent": "NPG",
  "seed": 10097,
  "env_kwargs": {
    "n_antennas": 4,
    "pilot_snr_db": 5.0,
    "noise_uncertainty_db": 0.0
  },
  "episodes": 5000,
  "steps_per_episode": 20,
  "timestamp_start": 1757618934.7331398,
  "xi": 0.5,
  "duration_sec": 1007.7018983364105,
  "timestamp_end": 1757619942.4350395
}