{
  "agent": "TRPO",
  "seed": 10097,
  "env_kwargs": {
    "n_antennas": 4,
    "pilot_snr_db": 10.0,
    "noise_uncertainty_db": 5.0
  },
  "episodes": 1000,
  "steps_per_episode": 20,
  "timestamp_start": 1757547008.4245114,
  "sb3_total_timesteps": 1000000,
  "sb3_factor": 50,
  "duration_sec": 1631.7261476516724,
  "timestamp_end": 1757548640.15066
}