{
  "agent": "NPG",
  "seed": 10097,
  "env_kwargs": {
    "n_antennas": 4,
    "pilot_snr_db": 10.0,
    "noise_uncertainty_db": 5.0
  },
  "episodes": 1000,
  "steps_per_episode": 20,
  "timestamp_start": 1757539297.9459789,
  "xi": 0.5,
  "duration_sec": 1376.27773976326,
  "timestamp_end": 1757540674.223721
}