{
  "agent": "QAC",
  "seed": 10000,
  "env_kwargs": {
    "n_antennas": 4,
    "pilot_snr_db": 10.0,
    "noise_uncertainty_db": 5.0
  },
  "episodes": 1000,
  "steps_per_episode": 20,
  "timestamp_start": 1757540674.2409172,
  "duration_sec": 73.36502432823181,
  "timestamp_end": 1757540747.605944
}