{
  "agent": "TRPO",
  "seed": 10194,
  "env_kwargs": {
    "n_antennas": 4,
    "pilot_snr_db": 10.0,
    "noise_uncertainty_db": 0.0
  },
  "episodes": 200,
  "steps_per_episode": 20,
  "timestamp_start": 1757097213.9348447,
  "sb3_total_timesteps": 200000,
  "sb3_factor": 50,
  "duration_sec": 298.17289876937866,
  "timestamp_end": 1757097512.107744
}