{
  "agent": "QAC",
  "seed": 10000,
  "env_kwargs": {
    "n_antennas": 8,
    "pilot_snr_db": 10.0,
    "noise_uncertainty_db": 0.0
  },
  "episodes": 1000,
  "steps_per_episode": 20,
  "timestamp_start": 1757597844.330002,
  "duration_sec": 56.43382406234741,
  "timestamp_end": 1757597900.763828
}