{
  "agent": "QAC",
  "seed": 10097,
  "env_kwargs": {
    "n_antennas": 8,
    "pilot_snr_db": 10.0,
    "noise_uncertainty_db": 0.0
  },
  "episodes": 1000,
  "steps_per_episode": 20,
  "timestamp_start": 1757597900.7846522,
  "duration_sec": 55.085647106170654,
  "timestamp_end": 1757597955.870301
}