{
  "agent": "PPO",
  "seed": 10291,
  "env_kwargs": {
    "n_antennas": 4,
    "pilot_snr_db": 5.0,
    "noise_uncertainty_db": 0.0
  },
  "episodes": 200,
  "steps_per_episode": 20,
  "timestamp_start": 1757105713.9069939,
  "sb3_total_timesteps": 200000,
  "sb3_factor": 50,
  "duration_sec": 410.8425133228302,
  "timestamp_end": 1757106124.749508
}