{
  "agent": "PPO",
  "seed": 10000,
  "env_kwargs": {
    "n_antennas": 4,
    "pilot_snr_db": 5.0,
    "noise_uncertainty_db": 0.0
  },
  "episodes": 200,
  "steps_per_episode": 20,
  "timestamp_start": 1757104447.7202287,
  "sb3_total_timesteps": 200000,
  "sb3_factor": 50,
  "duration_sec": 418.27727818489075,
  "timestamp_end": 1757104865.9975073
}