{
  "agent": "PPO",
  "seed": 10194,
  "env_kwargs": {
    "n_antennas": 4,
    "pilot_snr_db": 5.0,
    "noise_uncertainty_db": 0.0
  },
  "episodes": 200,
  "steps_per_episode": 20,
  "timestamp_start": 1757105298.1883729,
  "sb3_total_timesteps": 200000,
  "sb3_factor": 50,
  "duration_sec": 415.7148892879486,
  "timestamp_end": 1757105713.9032626
}