{
  "agent": "PPO",
  "seed": 10000,
  "env_kwargs": {
    "n_antennas": 8,
    "pilot_snr_db": 10.0,
    "noise_uncertainty_db": 0.0
  },
  "episodes": 200,
  "steps_per_episode": 20,
  "timestamp_start": 1757099485.8282475,
  "sb3_total_timesteps": 200000,
  "sb3_factor": 50,
  "duration_sec": 430.301944732666,
  "timestamp_end": 1757099916.1301932
}