{
  "agent": "PPO",
  "seed": 10194,
  "env_kwargs": {
    "n_antennas": 8,
    "pilot_snr_db": 10.0,
    "noise_uncertainty_db": 0.0
  },
  "episodes": 200,
  "steps_per_episode": 20,
  "timestamp_start": 1757100327.523325,
  "sb3_total_timesteps": 200000,
  "sb3_factor": 50,
  "duration_sec": 411.84767484664917,
  "timestamp_end": 1757100739.3710003
}