{
  "agent": "PPO",
  "seed": 10097,
  "env_kwargs": {
    "n_antennas": 8,
    "pilot_snr_db": 10.0,
    "noise_uncertainty_db": 0.0
  },
  "episodes": 200,
  "steps_per_episode": 20,
  "timestamp_start": 1757099916.134232,
  "sb3_total_timesteps": 200000,
  "sb3_factor": 50,
  "duration_sec": 411.3855335712433,
  "timestamp_end": 1757100327.5197663
}