{
  "agent": "TRPO",
  "seed": 10097,
  "env_kwargs": {
    "n_antennas": 4,
    "pilot_snr_db": 5.0,
    "noise_uncertainty_db": 0.0
  },
  "episodes": 200,
  "steps_per_episode": 20,
  "timestamp_start": 1757106844.5943005,
  "sb3_total_timesteps": 200000,
  "sb3_factor": 50,
  "duration_sec": 309.62680292129517,
  "timestamp_end": 1757107154.2211041
}