{
  "agent": "TRPO",
  "seed": 10291,
  "env_kwargs": {
    "n_antennas": 4,
    "pilot_snr_db": 5.0,
    "noise_uncertainty_db": 0.0
  },
  "episodes": 200,
  "steps_per_episode": 20,
  "timestamp_start": 1757107462.496434,
  "sb3_total_timesteps": 200000,
  "sb3_factor": 50,
  "duration_sec": 304.72122502326965,
  "timestamp_end": 1757107767.2176595
}