{
  "agent": "PPO",
  "seed": 10776,
  "env_kwargs": {
    "n_antennas": 4,
    "pilot_snr_db": 10.0,
    "noise_uncertainty_db": 5.0
  },
  "episodes": 500,
  "steps_per_episode": 20,
  "timestamp_start": 1757184006.9599383,
  "sb3_total_timesteps": 500000,
  "sb3_factor": 50,
  "duration_sec": 1013.4024837017059,
  "timestamp_end": 1757185020.3624225
}