{
  "agent": "PPO",
  "seed": 10582,
  "env_kwargs": {
    "n_antennas": 4,
    "pilot_snr_db": 10.0,
    "noise_uncertainty_db": 5.0
  },
  "episodes": 500,
  "steps_per_episode": 20,
  "timestamp_start": 1757181982.3086336,
  "sb3_total_timesteps": 500000,
  "sb3_factor": 50,
  "duration_sec": 1015.7357201576233,
  "timestamp_end": 1757182998.0443547
}