{
  "agent": "PPO",
  "seed": 10097,
  "env_kwargs": {
    "n_antennas": 4,
    "pilot_snr_db": 10.0,
    "noise_uncertainty_db": 5.0
  },
  "episodes": 500,
  "steps_per_episode": 20,
  "timestamp_start": 1757176694.096854,
  "sb3_total_timesteps": 500000,
  "sb3_factor": 50,
  "duration_sec": 1021.9368846416473,
  "timestamp_end": 1757177716.0337393
}