{
  "agent": "PPO",
  "seed": 10485,
  "env_kwargs": {
    "n_antennas": 4,
    "pilot_snr_db": 10.0,
    "noise_uncertainty_db": 5.0
  },
  "episodes": 500,
  "steps_per_episode": 20,
  "timestamp_start": 1757180965.9445305,
  "sb3_total_timesteps": 500000,
  "sb3_factor": 50,
  "duration_sec": 1016.3577675819397,
  "timestamp_end": 1757181982.3022995
}