{
  "agent": "PPO",
  "seed": 10000,
  "env_kwargs": {
    "n_antennas": 4,
    "pilot_snr_db": 5.0,
    "noise_uncertainty_db": 0.0
  },
  "episodes": 5000,
  "steps_per_episode": 20,
  "timestamp_start": 1757620477.515336,
  "sb3_total_timesteps": 5000000,
  "sb3_factor": 50,
  "duration_sec": 11483.778311729431,
  "timestamp_end": 1757631961.2936518
}