{
  "agent": "NPG",
  "seed": 10194,
  "env_kwargs": {
    "n_antennas": 8,
    "pilot_snr_db": 10.0,
    "noise_uncertainty_db": 5.0
  },
  "episodes": 200,
  "steps_per_episode": 20,
  "timestamp_start": 1757113829.7411711,
  "xi": 0.5,
  "duration_sec": 124.94043469429016,
  "timestamp_end": 1757113954.6816072
}