{
  "agent": "NPG",
  "seed": 10388,
  "env_kwargs": {
    "n_antennas": 8,
    "pilot_snr_db": 10.0,
    "noise_uncertainty_db": 5.0
  },
  "episodes": 200,
  "steps_per_episode": 20,
  "timestamp_start": 1757114074.5876472,
  "xi": 0.5,
  "duration_sec": 115.70738434791565,
  "timestamp_end": 1757114190.295033
}