{
  "agent": "NPG",
  "seed": 10291,
  "env_kwargs": {
    "n_antennas": 8,
    "pilot_snr_db": 10.0,
    "noise_uncertainty_db": 5.0
  },
  "episodes": 200,
  "steps_per_episode": 20,
  "timestamp_start": 1757113954.6858728,
  "xi": 0.5,
  "duration_sec": 119.89641237258911,
  "timestamp_end": 1757114074.582287
}