{
  "agent": "NPG",
  "seed": 10097,
  "env_kwargs": {
    "n_antennas": 8,
    "pilot_snr_db": 10.0,
    "noise_uncertainty_db": 5.0
  },
  "episodes": 200,
  "steps_per_episode": 20,
  "timestamp_start": 1757113717.15204,
  "xi": 0.5,
  "duration_sec": 112.58507537841797,
  "timestamp_end": 1757113829.7371173
}