{
  "agent": "QAC",
  "seed": 10388,
  "env_kwargs": {
    "n_antennas": 4,
    "pilot_snr_db": 10.0,
    "noise_uncertainty_db": 5.0
  },
  "episodes": 500,
  "steps_per_episode": 20,
  "timestamp_start": 1757175510.7601917,
  "duration_sec": 26.074506759643555,
  "timestamp_end": 1757175536.8346996
}