{
  "agent": "QAC",
  "seed": 10485,
  "env_kwargs": {
    "n_antennas": 4,
    "pilot_snr_db": 10.0,
    "noise_uncertainty_db": 5.0
  },
  "episodes": 500,
  "steps_per_episode": 20,
  "timestamp_start": 1757175536.841046,
  "duration_sec": 26.24806523323059,
  "timestamp_end": 1757175563.0891125
}