{
  "agent": "QAC",
  "seed": 10097,
  "env_kwargs": {
    "n_antennas": 4,
    "pilot_snr_db": 10.0,
    "noise_uncertainty_db": 5.0
  },
  "episodes": 500,
  "steps_per_episode": 20,
  "timestamp_start": 1757175430.5572793,
  "duration_sec": 26.882680416107178,
  "timestamp_end": 1757175457.4399612
}