{
  "agent": "QAC",
  "seed": 10000,
  "env_kwargs": {
    "n_antennas": 4,
    "pilot_snr_db": 10.0,
    "noise_uncertainty_db": 5.0
  },
  "episodes": 500,
  "steps_per_episode": 20,
  "timestamp_start": 1757175403.6563425,
  "duration_sec": 26.89357089996338,
  "timestamp_end": 1757175430.549915
}