{
  "agent": "QAC",
  "seed": 10582,
  "env_kwargs": {
    "n_antennas": 4,
    "pilot_snr_db": 10.0,
    "noise_uncertainty_db": 5.0
  },
  "episodes": 500,
  "steps_per_episode": 20,
  "timestamp_start": 1757175563.0949154,
  "duration_sec": 26.44023585319519,
  "timestamp_end": 1757175589.535153
}