{
  "agent": "QAC",
  "seed": 10873,
  "env_kwargs": {
    "n_antennas": 4,
    "pilot_snr_db": 10.0,
    "noise_uncertainty_db": 5.0
  },
  "episodes": 500,
  "steps_per_episode": 20,
  "timestamp_start": 1757175642.7072282,
  "duration_sec": 26.477428674697876,
  "timestamp_end": 1757175669.1846583
}