{
  "agent": "QAC",
  "seed": 10194,
  "env_kwargs": {
    "n_antennas": 4,
    "pilot_snr_db": 10.0,
    "noise_uncertainty_db": 5.0
  },
  "episodes": 500,
  "steps_per_episode": 20,
  "timestamp_start": 1757175457.4481232,
  "duration_sec": 26.858915090560913,
  "timestamp_end": 1757175484.3070402
}