{
  "agent": "TRPO",
  "seed": 10097,
  "env_kwargs": {
    "n_antennas": 8,
    "pilot_snr_db": 10.0,
    "noise_uncertainty_db": 5.0
  },
  "episodes": 200,
  "steps_per_episode": 20,
  "timestamp_start": 1757116742.850832,
  "sb3_total_timesteps": 200000,
  "sb3_factor": 50,
  "duration_sec": 303.2869303226471,
  "timestamp_end": 1757117046.137763
}