{
  "agent": "TRPO",
  "seed": 10194,
  "env_kwargs": {
    "n_antennas": 8,
    "pilot_snr_db": 10.0,
    "noise_uncertainty_db": 5.0
  },
  "episodes": 200,
  "steps_per_episode": 20,
  "timestamp_start": 1757117046.1422825,
  "sb3_total_timesteps": 200000,
  "sb3_factor": 50,
  "duration_sec": 301.03914999961853,
  "timestamp_end": 1757117347.1814334
}