{
  "agent": "NPG",
  "seed": 10000,
  "env_kwargs": {
    "n_antennas": 4,
    "pilot_snr_db": 10.0,
    "noise_uncertainty_db": 0.0
  },
  "episodes": 200,
  "steps_per_episode": 20,
  "timestamp_start": 1757093764.8763907,
  "xi": 0.5,
  "duration_sec": 126.98260521888733,
  "timestamp_end": 1757093891.858998
}