{
  "agent": "NPG",
  "seed": 10291,
  "env_kwargs": {
    "n_antennas": 4,
    "pilot_snr_db": 10.0,
    "noise_uncertainty_db": 0.0
  },
  "episodes": 200,
  "steps_per_episode": 20,
  "timestamp_start": 1757094130.514852,
  "xi": 0.5,
  "duration_sec": 115.89108204841614,
  "timestamp_end": 1757094246.4059362
}