{
  "agent": "NPG",
  "seed": 10097,
  "env_kwargs": {
    "n_antennas": 4,
    "pilot_snr_db": 10.0,
    "noise_uncertainty_db": 0.0
  },
  "episodes": 200,
  "steps_per_episode": 20,
  "timestamp_start": 1757093891.8643122,
  "xi": 0.5,
  "duration_sec": 121.68758773803711,
  "timestamp_end": 1757094013.551901
}